bfc6df3ee29eea0d854fab1acec5facf27e7d454	2026-01-03T14:39:06+01:00
024d30093a9dcf6fb43b2c9fe6fe766e27a276ab	2026-01-03T14:48:43+01:00
372498019856f6d6912bd0f023cbbeadcacb5508	2026-01-03T15:09:13+01:00
460481df6529da88452ee8f5fc0e857dc57f9c9c	2026-01-10T11:31:30+01:00
be54531282471dfb6caf37a683455bb9c5fb82eb	2026-01-10T11:31:32+01:00
ba147eedc4ed68c583209608c7be63a64373cfb4	2026-01-10T11:37:47+01:00
42d4c7337e8b3162ec2f322fc2a9c27195d13e1b	2026-01-10T11:43:01+01:00
f2b2e86acdec4a0d585745af1333574dc072d1f8	2026-01-10T11:46:55+01:00
e0fb24f0d74c83b644dc48aaf18d6f973d89a5ca	2026-01-10T11:53:39+01:00
6003104efbdc64284de31bdaccca412bc403cf19	2026-01-10T11:58:58+01:00
708a9e23086a6f89c371bdffdf27890ab192d3e0	2026-01-10T12:04:44+01:00
1feb2ce77bd848644436a007df7e128dd8ed47a0	2026-01-10T12:12:32+01:00
7adc5e9f8d6c388eac10af7a89627b7326934457	2026-01-10T12:19:55+01:00
23fec973b6d3d9acefe01d4b481513377022699d	2026-01-10T12:27:56+01:00
72191003a59a82bb9a8e9b75b83e0f8922fb7497	2026-01-10T12:35:22+01:00
26b71175e7a500bd8d580fc8d7e06c731c37e301	2026-01-10T12:43:32+01:00
16f12becac8448f1c5543d835499c5802127d161	2026-01-10T12:48:28+01:00
023df701700dc5404077abb09ce3e2c6fc82d35b	2026-01-10T12:52:32+01:00
230bc3878c9d044c006548d65a1f37d19ef3ed2e	2026-01-10T13:00:15+01:00
cafcf012fa4a1a10fbea3fab4fd1aae72c234e6c	2026-01-10T13:07:30+01:00
1b4b6527f115c80a81bf4c9daeddab5717431d05	2026-01-10T13:15:15+01:00
a0401aeb991f30712848a24bcb80bd12043816f4	2026-01-10T13:23:31+01:00
fcaed30f0a46769437a276b604be87c268a606bb	2026-01-10T13:29:43+01:00
53f8860332480f85cff2bdd1d7369ef369f39166	2026-01-10T13:37:09+01:00
e55db8337226fcb9631581cc89c6f64b811705ed	2026-01-10T13:41:23+01:00
57ee69add6a49f63af310c1826e6d7cedfbfac51	2026-01-10T13:46:07+01:00
d5d1e086df1bd559c60405ddd38441c6bd7a4a87	2026-01-10T13:51:36+01:00
fbc44c999177cd326b95f822a894e8a430d98ee5	2026-01-10T13:57:47+01:00
2d0ee72dab59f0264a21fa592197bb2b818c6899	2026-01-10T14:02:09+01:00
c51ba9eb56aeeb4354c71e52b1ec3d71b4a4b2db	2026-01-10T14:10:28+01:00
7a3b7320756726b7b60d20ed59a987167e3d772d	2026-01-10T14:18:26+01:00
e943f05a7166d7fd26e2e6ebe88ea470aa55180e	2026-01-10T14:26:00+01:00
fab6b00ad7ebdeb09e9d7f640961b62343a3a3b4	2026-02-16T00:06:27+01:00
18b088f04fe6ad3b012c55ada4432b7de7e77a11	2026-02-16T00:07:10+01:00
1681a313e34264d03694dfde4940437f54188a53	2026-02-16T00:08:15+01:00
0dd66744695e373338bcc931854007247ccaba36	2026-02-16T00:09:33+01:00
31d4102a49804f640a762c3b46ba6705dab6b58d	2026-02-16T00:10:42+01:00
62e34e1df15411dd64650b6e5062f2e089ec907e	2026-02-16T00:12:05+01:00
bb32e7fe4f576712465e515ea6905e1aa5133ad0	2026-02-16T00:19:06+01:00
a3fd3be94b5f8707bb47e2add8464fc3dd10984d	2026-02-16T00:21:39+01:00
11ce212dea085468bd1bb9df18e4f7baa77cc9a0	2026-02-16T00:22:40+01:00
f5c78828f26fd58af8e2fe975c4eb0a0e5e49a80	2026-02-16T00:24:33+01:00
d9b00d1ad5a904d2a549f9a3a4b6ffd3cabc27ad	2026-02-16T00:25:21+01:00
0001ffe5e08b57a4d0b3b63cbe6daac2b9211597	2026-02-16T00:42:39+01:00
827cb94ccdac41551bd6faf0bf985661ae2a2894	2026-02-16T00:52:30+01:00
6b8f386d86caf314430cb38a21e10460598834c3	2026-02-16T01:00:08+01:00
f7573e3e764ebd53ba9ea2da6ad266b64dd6197b	2026-02-16T01:11:41+01:00
c2699d944123d99001c14c0861f01cb488494e3b	2026-02-16T01:12:19+01:00
108847c5e0debfb6ac19ab5d7a441c5faf74989c	2026-02-16T01:23:13+01:00
14d17e31f7ba031825bcbfa411026f4d17f822a6	2026-02-16T01:31:41+01:00
331c2025ea7663df65976a3a21ccb44517dabbb7	2026-02-16T02:07:45+01:00
8a23d2f7b2870775561a4f8979648c639ebbe67d	2026-02-16T02:10:32+01:00
688ee501d0f52de9cddbccfe8b403ac48881eaab	2026-02-16T02:21:11+01:00
ff53df777d2fe78831283c242710da05b786d846	2026-02-16T02:22:50+01:00
d3f9ca2c4c364be220ce42069509c3ee883be07d	2026-02-16T02:24:10+01:00
acf5074b7291a35435f9cb436a3877e8e4daa263	2026-02-16T02:25:16+01:00
664552a745c545321e4dac57f760c764be3ccaeb	2026-02-16T02:27:12+01:00
b296cb4adfcfc060880ae578cfd9272e132de3c2	2026-02-16T02:31:01+01:00
cfe4d9a232f966e8142eab2843cd7790d0a61efd	2026-02-16T04:12:00+01:00
ac05a520ecc1c5ca7fe3b08759992e30b69f71fd	2026-02-16T04:23:14+01:00
4432ff393263201e09bb5e184c74d4973da6766b	2026-02-16T08:38:06+01:00
2a0c41b2de350edf1aa4a7bf996aeb75d19589cd	2026-02-16T08:51:47+01:00
5068e8b072c0e413983105aeb7f57b429a7b1e1e	2026-02-24T13:08:17+01:00
fe128643d2c4eada4acd1797a8a6002cf4757cf5	2026-02-24T13:12:03+01:00
0357b4c2ce6ce5ce1d62d318726375779387dae1	2026-02-24T13:15:33+01:00
c487511f69834b388695501dfad93ed349c70c4c	2026-02-24T13:18:39+01:00
5c53e0e9b9b9fdb3d65c9a4106bfcfd2605f2ed2	2026-02-24T13:24:45+01:00
f4856a31b9b120b8d1008269f0bf070246551df8	2026-02-24T13:29:59+01:00
c1d60638ae8e03f3555cceda19c603dba30fc29e	2026-02-24T13:38:43+01:00
95d3a32789fb3c7c1432a6dee1fac77ef8b60f67	2026-02-24T13:42:19+01:00
1c1dec6e21268ef7f6a3877640b26bf394e2eeba	2026-02-24T13:51:07+01:00
e57efdfdba4ebc4226d094e8fefa945636f1319b	2026-02-24T14:07:32+01:00
d43423e527c13b955fd8409639feefff1d85f51a	2026-02-24T14:07:32+01:00
947f6528636dac569bf37c2a12cbb57ac53e5ebe	2026-02-24T16:01:38+01:00
3b2cd6a59c3ced47779f7fc680146ed0c2906451	2026-02-24T16:01:38+01:00
91eb2a1b71fac4400cd171e2bc6c828f2f286e95	2026-02-24T16:09:48+01:00
b27a02c5c00a250d3e9aad32534cde732fe1b36d	2026-02-24T17:18:54+01:00
bb593a71776fb6eeeec97e3e1f768b5d9729151e	2026-02-24T17:26:19+01:00
54f2e79c2038cd5428db50a70134865d3592ca13	2026-02-24T17:46:44+01:00
c4a386f22ecf6fe2da9d633eabbb396057002d1c	2026-02-24T17:48:06+01:00
7fa6e3c74a8ed8b33e799bb0231f8a6e71fa7e91	2026-02-24T17:50:21+01:00
b14207be1d1ce625fc8bb72cf3ca2bd42831b469	2026-02-24T17:57:30+01:00
60f9868a8faaeee7711cee6a2a35be4c42a06894	2026-02-24T18:04:10+01:00
b5535b50d12b1e852726fdfa6b90a1ecebd9e0a6	2026-02-24T18:20:26+01:00
77cc2d563d5bc66bf029161ce196a58f29c6276c	2026-02-24T19:02:16+01:00
1380a076ab5fe66cbdee976f2bd3665efc70d391	2026-02-24T19:11:44+01:00
6120e4873c21fb8e66ee387fc39f0d2e9e0b9177	2026-02-24T19:12:54+01:00
cf31d53e7d296d00de81bd467e03e2c97c517991	2026-02-24T19:23:14+01:00
db2f1423be086159503a5eac9aab77598c8a6438	2026-02-24T19:26:19+01:00
3d7b0d589434ebb3b94e3dfc4407a7bb2934a8a8	2026-02-24T19:30:55+01:00
043b46d22acf1b5123564de516d0ebc97fd89e9b	2026-02-24T19:32:20+01:00
0c89b5d7fb7eb7ba2669fb5b6d3c297a7923ed66	2026-02-24T19:37:12+01:00
05da4be37cbd75099f29d7876496565ce3020f28	2026-02-24T20:04:29+01:00
e9636c959b25d311d824e14bbb2f552445e99b11	2026-02-24T20:23:48+01:00
a51bd334691013c8bb463fb9db66c263bf9ab01a	2026-02-25T01:21:05+01:00
56dbc3b1765f8b5c127f83184dcf3ec2e72be9bb	2026-02-25T01:29:40+01:00
64b480a1099eacd1754e2d47663a0d3d08814481	2026-02-25T01:30:30+01:00
96a9698a26cba256e5e77a0853983e2bd8b490f2	2026-02-25T11:19:55+01:00
547670f17fe531e0ccadb45c36eff1b04b82c779	2026-02-25T12:26:24+01:00
