1dce34f007bddbe75faf57ff843f788d02b01b50	2026-01-10T11:31:30+01:00
59fc6c3eefb45ea9c4038de00385b67f5db99809	2026-01-10T11:59:40+01:00
2eb5f62f1b5289432959cea3be81a294ee29ff38	2026-01-10T12:06:39+01:00
5f97b971a766b92908f66c936826ed16ebb833e7	2026-01-10T12:20:40+01:00
dffab373833be979b7febdcc503f836cc9303d4e	2026-01-10T13:01:22+01:00
a10613dbce4cb6f220fbd8d058a65e8d38698d84	2026-01-10T13:18:26+01:00
3979b7fc168bb6c28742cd0c7bc125cefaf3e73b	2026-01-10T13:39:35+01:00
0c440620487b02d1abac0e5aa73402d7463b3960	2026-01-10T13:55:36+01:00
eb65b292bd2d000d0988fca35186c70ba72670b2	2026-01-10T14:15:09+01:00
609f15d7e5d6723100ef2456a3afc096b6aa7e6e	2026-01-10T14:31:48+01:00
54d2da549b5e473cb72871ae331a7a257163ca2a	2026-01-10T14:48:34+01:00
4b8390e14b7a90c2fa1682665bfdc2841cb22d31	2026-01-10T15:00:33+01:00
8bf6cc4cbfbc94f0943a563f41f0ace6beaff8a4	2026-01-10T15:35:00+01:00
74dbbc17585608e2d064d3adeacb0197f41832c2	2026-01-10T16:08:01+01:00
46779df340916c36cfed35c7a7463fada949ff92	2026-01-10T21:56:28+01:00
c58490854c5c1cdee68f358c6432928cbece2029	2026-01-10T22:27:10+01:00
a1f1810e3c7646cc3c013e9dc223fd9d201db15b	2026-01-10T22:59:33+01:00
a6740d0d21c0f5d357e3c0d2b6da00c7517657e0	2026-01-10T23:59:47+01:00
d2f6ba9379d570233d97f0ddea3b54546e098dfb	2026-01-11T00:05:50+01:00
817db789a343d5150d6f07602069f6c3059c2fab	2026-01-11T00:57:37+01:00
eed03bbf708240e9d8e9e776b4b9b15560c820bd	2026-01-11T17:32:30+01:00
d2bfabb8e603eb1a0442d8078aac49ae3d78eab4	2026-01-11T18:31:24+01:00
215208577ecb035aceca214965d79089a42a2cc0	2026-01-11T19:11:40+01:00
0d7617f9d8dd25e9b6469d3ed2f231f84cb58e40	2026-01-11T20:13:13+01:00
23b8c9505bfc7c8dd5d0d27b7a4c4316f96f5bd5	2026-01-11T20:58:36+01:00
21727fa8d89969374cb499d508f10dc46753d5f0	2026-01-11T20:37:01+01:00
bcc18ef7c80fe020e41cfa31b766cb62d75d7442	2026-01-11T20:58:27+01:00
caa8df94478d3a290fb95ca18cb9b68d88661dba	2026-01-11T22:14:04+01:00
941d55197ef78fd11d799725bb422c505c2f3139	2026-01-11T22:59:15+01:00
f1071a218deade2eca61a8854611b2e7a830d34c	2026-01-11T23:33:44+01:00
aec161da88cf4c08eca0948ce311fb979f1b36b6	2026-01-12T00:12:50+01:00
f693a8a8a262de048105421b87ec15510aae3ae4	2026-01-12T00:52:17+01:00
72fbe675def5839e95aae2c551762a5f4f61bc52	2026-01-12T16:11:57+01:00
b33aa9a1e034380a302fca3aead9479d216d6e68	2026-01-12T16:16:10+01:00
b8867d79e735a89185c63303f52eaceac3cb6d5d	2026-01-12T16:56:45+01:00
52e491f427c671ce003c441f00a109b91b1c9750	2026-01-12T18:02:17+01:00
db656d22edfd1d583d42303cf519155be02d6f0c	2026-01-12T18:26:19+01:00
a798f1040184b7280b36b37039af0e4ca71934d1	2026-01-12T18:31:20+01:00
608032bc84ea2021a4d61f63dd841b02c3710b0c	2026-01-12T18:35:38+01:00
267ba848ae9608d3604e43c4a269d233fd833333	2026-01-12T18:39:15+01:00
0f6d39a70ef08168ff8ec3954c16b83181f9d72e	2026-01-12T19:03:35+01:00
4a4220b1218bddb70103c11c6f540984c35817c5	2026-01-13T14:52:38+01:00
105c9b44cf92e6a506c44c5a02cc95391fd89290	2026-01-13T15:14:03+01:00
579856880892c9e683458cb836b3276700c8e07c	2026-01-13T15:43:40+01:00
c1a29151e17e4d4c0c29a72b5ad869c2e0f1928c	2026-01-13T15:50:10+01:00
80a75407883770f466bbb62c9098adfc3fe29985	2026-01-13T16:17:04+01:00
3c85fb7d15e88009778826045f75f9509a4fc6f5	2026-01-13T16:32:46+01:00
72fa22cb6f33d5a96b8d212fc888fb7072bd779d	2026-01-13T16:36:54+01:00
9702a72d132feec71f5f36bee60c74a64b45e587	2026-01-13T16:57:35+01:00
b549f4cfa4b78931f5064df775da3617f21f9e22	2026-01-13T17:34:49+01:00
a45db4916dc06d9b8ef80d985c55ca9a873c79af	2026-01-13T17:39:42+01:00
e71bd2ed7ab8fa5dbfb0487b5c8b3eaf9a82e288	2026-01-13T17:58:57+01:00
64203d6b842fb82ff0a10e2fcd8fd12fbcd5ad69	2026-01-14T18:04:12+01:00
0d6c4833de02481a858f2b60c880dd55bc13e33e	2026-01-14T18:09:58+01:00
4bab33ebeb6ad5f03c0ea83407fc8e662e5ba889	2026-01-14T18:23:40+01:00
c1c215d706d065dfac38b2da23409eeb6dc2d578	2026-01-14T18:29:59+01:00
8bc38e11acaa2fa1ab72354aff37ed2f5afa5030	2026-01-14T19:14:12+01:00
1625b63179a177e86004de13711ae8aa116706c1	2026-01-14T19:57:42+01:00
6f259ea77149e0479ae6c78aff8df37b23cd1c16	2026-01-15T13:22:50+01:00
cf07fa2a5eda1dcf55bcbd37c77bdef83d51e11a	2026-01-15T13:29:23+01:00
3fd313dbf2f35db1a70e7f568250ed299f78417a	2026-01-15T13:46:39+01:00
3025ada0d93f76a15c755a8a4d651f120c335c35	2026-01-15T14:04:50+01:00
99780aa70d21a00486e8f08e3004292f65a9a28c	2026-01-15T14:08:53+01:00
6f95b206f6a289f885261560133123cdadf36ba6	2026-01-15T14:25:13+01:00
14b67a24432df910c033a1791e412efba800f636	2026-01-15T14:37:08+01:00
e0e4f474ddd2fc3f39443b391fcfcc85b1e9c93e	2026-01-15T14:44:09+01:00
6ed980fbf688c5a738c08736366a8b2b9b84722b	2026-01-15T15:07:11+01:00
f5fe941d8b0e917451324f9c2edd0e6b61d80242	2026-01-15T15:13:37+01:00
69258fb1996c41b223d0ec6843823b2e1fc68544	2026-01-15T15:43:46+01:00
17f8477bf5f32177f7cb1c765fb9e330fcae8040	2026-01-15T15:48:04+01:00
9773c50ee55c4d6b408bf0e4fb6ea8c402d5b36b	2026-01-16T13:28:14+01:00
3a8c302a3fbb396aeed9a0a717d31623e7a53626	2026-01-16T13:34:03+01:00
361fccfd8457a3c0cf5cc2f69b7a916923da00ad	2026-01-16T14:29:06+01:00
681757a40c6507ea903ee34a5227f1f0f2a27942	2026-01-16T15:11:33+01:00
4a3c8088f50a033975d99ae5ec12b5157021d02c	2026-01-16T15:15:35+01:00
964f16a30f9f7d1f25ede86cc3634b58343a6d04	2026-01-16T15:33:35+01:00
03bc257205faaa032bb8cbd711d2c59bd5602c51	2026-01-16T15:39:32+01:00
93615f949fcc34202a26c92bf09617049043ec46	2026-01-16T15:55:17+01:00
dfab174fae6178000058babb9b8c895b4613a2e5	2026-01-16T15:59:21+01:00
19517163e0cb1638dd87361da25c075b10218f45	2026-01-16T16:25:27+01:00
7a69f8a5a37fcc4617b3094a286ab9cb6dd34822	2026-01-16T16:29:31+01:00
4cb87926920a44c1a4a79a94b6856364eb8ee44f	2026-01-17T18:48:08+01:00
13e96686eecd06cc949a8743b1c05bfe2b1dd8fd	2026-01-17T18:52:22+01:00
33ba3d7b94e525666577829dc6cd33858f7707b3	2026-01-17T19:15:19+01:00
285586b23e222bad5f080939c022efb6803c5e4e	2026-01-17T19:19:53+01:00
fd3dd65751c6edd4c34336eabd1e298155c048a5	2026-01-17T20:01:45+01:00
5ac869bd023c9aaba19211e5cdf0dd463da0416c	2026-01-17T20:05:53+01:00
3e657aa920028f97ec98499a23e2f67def5aa31f	2026-01-17T20:27:05+01:00
501c12ced258502d166337ae85e531d7ff70b495	2026-01-17T20:33:17+01:00
98b33633113f3828ca50ec70e97c3aba6e618daa	2026-01-17T20:43:04+01:00
1ceeb2f275d85a08f2d10a5bbf35dfe7b7f467d9	2026-01-17T20:57:35+01:00
e4cba9298d71417fab429fe921eb1dd8614eaa13	2026-01-17T21:37:46+01:00
39c3b723426c0100ce25362d8097061d379d9584	2026-01-17T22:01:50+01:00
20923be9448950c4b61181771e13cab9cfb05e27	2026-01-17T22:48:31+01:00
537c013329820ee9d616f5882519c50aa0dd1ebe	2026-01-17T22:54:17+01:00
9dfb34ef2f5c8312d881a8077c71ac8c35ec4a10	2026-01-17T21:53:17+01:00
c60d2c86a4655b4eec52c341d2155eb79e2bc595	2026-01-17T22:04:14+01:00
acdf31a94f5cabb72a94f85f69fc43c5d6c5bd33	2026-01-17T22:24:44+01:00
9ab547273e806aa75557a7dd7b8c2187a1a722de	2026-01-17T22:28:34+01:00
8306713fe4a479d0607e90f6b4a0be0ccf81100d	2026-01-17T22:45:45+01:00
a78cbc6311e531f167aa34d201aa4f8709aecc4a	2026-01-17T22:52:32+01:00
2f3f23a478129b57aadf09834dbee0c25ad01ed6	2026-01-18T00:11:27+01:00
5208f84306725094914d246575ec245b06b309b3	2026-01-18T00:16:27+01:00
ff180b2e9bba7d5585947c83f633bd2c1e642a3e	2026-01-18T00:54:09+01:00
231b6fa7ca412f48358ba3a9f132fffe1ba8fc4f	2026-01-18T01:26:18+01:00
13f1e49689a719a704adb5b204b8fab464b7f5be	2026-01-18T01:32:02+01:00
51d96a1cc955c32cd63ffd0e05c7d1731980c657	2026-01-18T01:55:39+01:00
1aa403eee896006016f95822dee8268b9d6116b6	2026-01-18T02:22:38+01:00
e9c2a41762a0a96a77c35289adde14a6c1c33c7b	2026-01-18T16:12:29+01:00
fb3102a4887f8f8cb4714123a29991dce64b5a26	2026-01-18T16:39:09+01:00
00dd9e93a1c58a6bba3989cfa393819f4ccd2435	2026-01-18T17:05:08+01:00
2a598d5777758e47bdf64214a59da2e63b8a7fe8	2026-01-18T17:35:38+01:00
9e8efafa6dee7c53511153b4deb88fe07cdbefb2	2026-01-18T18:04:51+01:00
17595e6a0d6943f1696fdd57e6eff3632246dd5f	2026-01-18T18:36:39+01:00
d173e5a4f371aacb7513079ccf76cefca1ae656d	2026-01-18T18:40:59+01:00
33b793c16be0780835eaf3ea800043497aa4c2a1	2026-01-18T18:53:27+01:00
3f4559730242ada552422f99c9de627dd5358e62	2026-01-18T19:44:42+01:00
191888a59f5267986bd4de0efb0eafff2459d5d9	2026-01-18T20:16:23+01:00
bdbecbb6643369bce0087a5653c68727d575662c	2026-01-18T20:44:15+01:00
9523eac96162fe42270376ff6cc14a3c29e4efc5	2026-01-18T21:25:08+01:00
656bb71c9fe4c971df182650dc8204c20f0a63b8	2026-01-18T21:54:24+01:00
88ec5ed07e3d0f1801af3192152c3f8b1695143b	2026-01-18T22:21:48+01:00
cdad190eaf8d83d77cfb6a12d6507607f5b1d865	2026-01-18T22:52:21+01:00
64045801c99321afc68de3c85af1babdbbb8a077	2026-01-18T23:24:18+01:00
d0ee494dc7ef6663663a2ef636cd77bf612b0d4d	2026-01-18T23:30:47+01:00
20ba2c241cc44f826a5446d28c258f1fd5d617ef	2026-01-18T23:43:35+01:00
a5696ddd79f6e896cd7b21d3c86030cdaa638e32	2026-01-19T16:35:24+01:00
f1802137bc105e7560ad5caff471478394434fa6	2026-01-19T16:55:37+01:00
e1c6806a5c3345e1934ee3f51a3e7166a2011508	2026-01-19T17:10:16+01:00
c217c9e3d16684c276eb4c940eba68ace1524910	2026-01-19T17:15:08+01:00
7b1e370e523d620b5ab4c422cb6f9671a8c1beb7	2026-01-19T18:01:33+01:00
c8cd1794793287fe71dbfed6f56a7dc5730ce8ad	2026-01-19T18:06:42+01:00
f61fe1210b7508a04ae3e106bc0ee5fb800b3c8b	2026-01-19T18:21:23+01:00
deaa42a4a1bff59fb4e4a7f53585f04deccfe7ae	2026-01-19T18:37:19+01:00
3e6f768ba61f8c9e78010da26f03df21e08d7db9	2026-01-19T18:50:30+01:00
13c2272450ae923e3aca7d1c8028a5a611805148	2026-01-20T16:07:43+01:00
fbe1483e4ad7181518f1f0d449ff23aeb6a7d89c	2026-01-20T16:26:00+01:00
f174515dfbcafaafd6037a631c29508bf7e8466c	2026-01-20T16:41:38+01:00
96b17db29831892a4dcaa3b2692b638a6748c4d8	2026-01-20T17:00:01+01:00
eacddd2254489884aa38c7a537df4904b4129962	2026-01-20T17:06:00+01:00
e559de7dc378709fa4dffd90d8fab78f2db52bee	2026-01-20T17:36:35+01:00
a4d01178559a654328e4c6949dabbdccf8a2a92d	2026-01-20T17:42:01+01:00
208eb0a1ac861ca90c8470de36a08b46d336439c	2026-01-20T18:01:10+01:00
3d6ee9cd9ada0b8dd084daad6c2d8775eaaa47e7	2026-01-20T18:25:48+01:00
93c8883a301d62b3bb4f700856404cf88e25c575	2026-01-20T18:31:44+01:00
670b84d4cbaf3b77628e8718099e07d29be51c40	2026-01-21T11:22:15+01:00
